path,filename,size_bytes,mtime_iso,sha1
.fabric/processedMods/admiral-0.4.10+1.21.1-75c1985f0fec23c3.jar,admiral-0.4.10+1.21.1-75c1985f0fec23c3.jar,98812,2026-03-06T17:08:49.480763,2993cf7a7ba50b0307d704a34912ec5fc40eb7b5
.fabric/processedMods/adventure-platform-fabric-5.14.1-a6b7a70abf0eed26.jar,adventure-platform-fabric-5.14.1-a6b7a70abf0eed26.jar,908593,2026-03-06T17:08:49.488763,7722cc08711ac041e4ee9245f9f5bd3db0205ca1
.fabric/processedMods/ar_com_hjg_pngj-2.1.0-baab3135af0d9ce1.jar,ar_com_hjg_pngj-2.1.0-baab3135af0d9ce1.jar,169604,2026-03-06T17:08:49.492763,90909e3260e191859cc5bdce9ca318a07164ef3d
.fabric/processedMods/blue_endless_jankson-1.2.3-4c9914c700baf40e.jar,blue_endless_jankson-1.2.3-4c9914c700baf40e.jar,75817,2026-03-06T17:08:49.492763,29f9662418767d518d17a0d5aaf2ab95d6998a84
.fabric/processedMods/cardinal-components-base-6.1.2-3ac037d31445d804.jar,cardinal-components-base-6.1.2-3ac037d31445d804.jar,79973,2026-03-06T17:08:49.492763,ead55167a455c61b824a23329cd8531fd8ae97da
.fabric/processedMods/cardinal-components-block-6.1.0-44b0ba8342f2c79c.jar,cardinal-components-block-6.1.0-44b0ba8342f2c79c.jar,35087,2026-03-06T17:08:49.492763,acf3ecaab12add43953fbbb507db90aacfb20c52
.fabric/processedMods/cardinal-components-entity-6.1.2-434b9ba449c2bbd4.jar,cardinal-components-entity-6.1.2-434b9ba449c2bbd4.jar,43493,2026-03-06T17:08:49.492763,810cb3a93ca5774ef040508eb2ca3ac7f3283a1f
.fabric/processedMods/cloth-basic-math-0.6.1-17ea6dce277cc3b8.jar,cloth-basic-math-0.6.1-17ea6dce277cc3b8.jar,10678,2026-03-06T17:08:49.492763,2ddd64b22126332794a5754ff9b942e17fb44c39
.fabric/processedMods/com_electronwill_night-config_core-3.8.2-8003ac503a67602d.jar,com_electronwill_night-config_core-3.8.2-8003ac503a67602d.jar,385404,2026-03-06T17:08:49.496763,bc794582b641b7bb24da70445a676c08692662e3
.fabric/processedMods/com_electronwill_night-config_toml-3.8.2-c59af23b3d7dfeaa.jar,com_electronwill_night-config_toml-3.8.2-c59af23b3d7dfeaa.jar,40096,2026-03-06T17:08:49.496763,3de87aaf30d0da6e7c99db9f8b8fe8404ca1414a
.fabric/processedMods/com_esotericsoftware_yamlbeans_ylbeans-1.17-80afd30dddf32493.jar,com_esotericsoftware_yamlbeans_ylbeans-1.17-80afd30dddf32493.jar,169974,2026-03-06T17:08:49.496763,5dc57038a9a7cdcb02fd291279b8c89caabab197
.fabric/processedMods/com_github_keksuccino_japng-0.5.3-d19d4f5349da6752.jar,com_github_keksuccino_japng-0.5.3-d19d4f5349da6752.jar,69600,2026-03-06T17:08:49.496763,c8c5fec246bc7522b5e752c38aa1751346a9ae94
.fabric/processedMods/com_github_mclegoman_releasetypeutils-2.1.0-eb2105e86d93b7aa.jar,com_github_mclegoman_releasetypeutils-2.1.0-eb2105e86d93b7aa.jar,10179,2026-03-06T17:08:49.496763,de54ee39c7161f2aac03749687bfa3de915eb9ed
.fabric/processedMods/com_github_rtyley_animated-gif-l-gif-lib-1.7-ba258cd60cb6cba.jar,com_github_rtyley_animated-gif-l-gif-lib-1.7-ba258cd60cb6cba.jar,21197,2026-03-06T17:08:49.500763,db1a3652f10f41784b4342e8ec504e1544943b81
.fabric/processedMods/com_madgag_animated-gif-lib-1.4-4a9ccbeff6c7d67a.jar,com_madgag_animated-gif-lib-1.4-4a9ccbeff6c7d67a.jar,21108,2026-03-06T17:08:49.500763,f9af48e6a9b60356f68046036b2426f43d9cc8b0
.fabric/processedMods/com_teamresourceful_bytecodecs-1.1.2-aa18922675b692bb.jar,com_teamresourceful_bytecodecs-1.1.2-aa18922675b692bb.jar,78667,2026-03-06T17:08:49.500763,1c1d3a7d9e9c3bcbf374cbf60d3b5845eaf0d739
.fabric/processedMods/com_teamresourceful_yabn-1.0.3-e740ac8063bfc082.jar,com_teamresourceful_yabn-1.0.3-e740ac8063bfc082.jar,32286,2026-03-06T17:08:49.500763,e4b6f87d9d8c0b685ef4ff042d1ff2d43bc0842c
.fabric/processedMods/com_twelvemonkeys_common_common-io-3.12.0-86b1ac244fa6455c.jar,com_twelvemonkeys_common_common-io-3.12.0-86b1ac244fa6455c.jar,92590,2026-03-06T17:08:49.500763,8407fa8b9dda5c2796e6eb7b2c26d979bbace94d
.fabric/processedMods/com_twelvemonkeys_common_common-lang-3.12.0-6be701ca605fcfc7.jar,com_twelvemonkeys_common_common-lang-3.12.0-6be701ca605fcfc7.jar,122063,2026-03-06T17:08:49.500763,a39056f0bb31b8125c7cc743dd140a21afdbed9e
.fabric/processedMods/com_twelvemonkeys_common_common-mage-3.12.0-deb3b1501a6070e5.jar,com_twelvemonkeys_common_common-mage-3.12.0-deb3b1501a6070e5.jar,79902,2026-03-06T17:08:49.500763,90cad0a90d17581fa064ae05f1060851ffa109ae
.fabric/processedMods/com_twelvemonkeys_imageio_imageiadata-3.12.0-d4e6b5ecedfe42c.jar,com_twelvemonkeys_imageio_imageiadata-3.12.0-d4e6b5ecedfe42c.jar,83864,2026-03-06T17:08:49.500763,8dab15a3950c7a38283162e657d1dbc48d76a0f0
.fabric/processedMods/com_twelvemonkeys_imageio_imageicore-3.12.0-3b260d8299c9b513.jar,com_twelvemonkeys_imageio_imageicore-3.12.0-3b260d8299c9b513.jar,120156,2026-03-06T17:08:49.504763,975f8ac59c197bc53027d541c9b4b39acc0f5a98
.fabric/processedMods/com_twelvemonkeys_imageio_imageiwebp-3.12.0-16e1ec7310cf986c.jar,com_twelvemonkeys_imageio_imageiwebp-3.12.0-16e1ec7310cf986c.jar,79961,2026-03-06T17:08:49.504763,13bf579b6052a8404c43c139824b514590f33656
.fabric/processedMods/commonnetworking-1.0.18-1.21.1-2c658b9b831f8082.jar,commonnetworking-1.0.18-1.21.1-2c658b9b831f8082.jar,26184,2026-03-06T17:08:49.504763,f5909e35db7184665c78328605d1f6832c687bea
.fabric/processedMods/fabric-api-base-0.4.42+6573ed8c19-6cc31b79285d508d.jar,fabric-api-base-0.4.42+6573ed8c19-6cc31b79285d508d.jar,31142,2026-03-06T17:08:49.504763,f0434ab76951441540b1f7b49ab744e52db8c78d
.fabric/processedMods/fabric-api-lookup-api-v1-1.6.71+b559734419-2e5b02b3872ee35.jar,fabric-api-lookup-api-v1-1.6.71+b559734419-2e5b02b3872ee35.jar,53269,2026-03-06T17:08:49.504763,5d5d1b763b1a7ac43670cc934ebc7cfbb6c5d7cf
.fabric/processedMods/fabric-biome-api-v1-13.0.31+d527f9fd19-a02c9042f0a4c56d.jar,fabric-biome-api-v1-13.0.31+d527f9fd19-a02c9042f0a4c56d.jar,83168,2026-03-06T17:08:49.504763,544d7f446d140923bbc3c73cf365383c6f4fe1dd
.fabric/processedMods/fabric-block-api-v1-1.1.0+0bc3503219-7cf5a91ca7d57cf1.jar,fabric-block-api-v1-1.1.0+0bc3503219-7cf5a91ca7d57cf1.jar,19509,2026-03-06T17:08:49.504763,913b294a8bdb624517c93c4c1f691d3f36b931e4
.fabric/processedMods/fabric-block-view-api-v2-1.0.11+ebb2264e19-ad7c0f2660955aed.jar,fabric-block-view-api-v2-1.0.11+ebb2264e19-ad7c0f2660955aed.jar,24215,2026-03-06T17:08:49.504763,cbea92ce9fa6f95a4fe77191f4a6047bc2d3d6ff
.fabric/processedMods/fabric-command-api-v1-1.2.49+f71b366f19-bce6999b0a6af791.jar,fabric-command-api-v1-1.2.49+f71b366f19-bce6999b0a6af791.jar,13863,2026-03-06T17:08:49.504763,e9b86d9765b5cfb0ddbb9c3093cdaf4b70a76e95
.fabric/processedMods/fabric-command-api-v2-2.2.28+6ced4dd919-3643a08b494f099b.jar,fabric-command-api-v2-2.2.28+6ced4dd919-3643a08b494f099b.jar,37865,2026-03-06T17:08:49.504763,1df0ca58d71ad7938ebb52ef6051179b7e308198
.fabric/processedMods/fabric-commands-v0-0.2.66+df3654b319-17d79dd89339968c.jar,fabric-commands-v0-0.2.66+df3654b319-17d79dd89339968c.jar,11371,2026-03-06T17:08:49.504763,7e08f970c85f7ccf4c156d373b8372cded28546f
.fabric/processedMods/fabric-content-registries-v0-8.0+b559734419-7b4f1de3ee451257.jar,fabric-content-registries-v0-8.0+b559734419-7b4f1de3ee451257.jar,60220,2026-03-06T17:08:49.508763,2deaa93c157eb61c5236d876fc5b745dc90c83ed
.fabric/processedMods/fabric-convention-tags-v1-2.1.5+7f945d5b19-d458004c8b78bbda.jar,fabric-convention-tags-v1-2.1.5+7f945d5b19-d458004c8b78bbda.jar,33813,2026-03-06T17:08:49.508763,8b74ce613e9173ef4b9702f6b8e4208fc9087834
.fabric/processedMods/fabric-convention-tags-v2-2.11.1+a406e79519-b81fc8e0765a9c75.jar,fabric-convention-tags-v2-2.11.1+a406e79519-b81fc8e0765a9c75.jar,274982,2026-03-06T17:08:49.508763,9038c42a650a1ad19bd218b1f355ee6c2f570208
.fabric/processedMods/fabric-crash-report-info-v1-0.2.+0af3f5a719-9292aeefe21ee5a7.jar,fabric-crash-report-info-v1-0.2.+0af3f5a719-9292aeefe21ee5a7.jar,14248,2026-03-06T17:08:49.508763,664d9fc248238d3461dceda2c355113e2fd7907e
.fabric/processedMods/fabric-data-attachment-api-v1-1.+6116a37819-805fed3864c43642.jar,fabric-data-attachment-api-v1-1.+6116a37819-805fed3864c43642.jar,96856,2026-03-06T17:08:49.508763,314ab36ad11c3b3d0d3788ef84cccd1a30fcb390
.fabric/processedMods/fabric-data-generation-api-v1-20+37516cd619-1c5dd165e7dc5910.jar,fabric-data-generation-api-v1-20+37516cd619-1c5dd165e7dc5910.jar,109117,2026-03-06T17:08:49.508763,61e3008c8d096b8e7c99c191d4615d4eed49d45d
.fabric/processedMods/fabric-dimensions-v1-4.0.1+65213ef819-7097e002e73bf37.jar,fabric-dimensions-v1-4.0.1+65213ef819-7097e002e73bf37.jar,22514,2026-03-06T17:08:49.508763,cf41ea78d71bd3f5a54b7673bfc57d261c484977
.fabric/processedMods/fabric-entity-events-v1-1.8.0+2b27e0a419-d6bf6adc5ffcd4f0.jar,fabric-entity-events-v1-1.8.0+2b27e0a419-d6bf6adc5ffcd4f0.jar,73738,2026-03-06T17:08:49.508763,105a406d748aa09b8d6c165df77f144629c53eda
.fabric/processedMods/fabric-events-interaction-v0-0.7+ba9dae0619-3c7ccce041c5169a.jar,fabric-events-interaction-v0-0.7+ba9dae0619-3c7ccce041c5169a.jar,64954,2026-03-06T17:08:49.512763,3eaf88eeb476aa12da228d2d0c80c2ef0d4ca47a
.fabric/processedMods/fabric-game-rule-api-v1-1.0.53+6ced4dd919-d23cd9850ea4452e.jar,fabric-game-rule-api-v1-1.0.53+6ced4dd919-d23cd9850ea4452e.jar,54972,2026-03-06T17:08:49.512763,a331e79cee4ac71d5476ce586c516ac319b128ba
.fabric/processedMods/fabric-item-api-v1-11.2.0+3b3cb2e819-e896de02285ffc9d.jar,fabric-item-api-v1-11.2.0+3b3cb2e819-e896de02285ffc9d.jar,65550,2026-03-06T17:08:49.512763,5a46e6fe358700eb480b5cb884da70a2757c6aff
.fabric/processedMods/fabric-item-group-api-v1-4.1.7+def88e3a19-ae22d5fa506a0c26.jar,fabric-item-group-api-v1-4.1.7+def88e3a19-ae22d5fa506a0c26.jar,60401,2026-03-06T17:08:49.512763,26f345aec49152e3a7e61dabe962982aa8732754
.fabric/processedMods/fabric-lifecycle-events-v1-2.6.0+0865547519-b6a9009f976caa0d.jar,fabric-lifecycle-events-v1-2.6.0+0865547519-b6a9009f976caa0d.jar,103866,2026-03-06T17:08:49.512763,d199d3b38b3ff4915a62cba51dfc9f8281bc046f
.fabric/processedMods/fabric-loot-api-v2-3.0.15+3f89f5a519-a078cbf27aee7e81.jar,fabric-loot-api-v2-3.0.15+3f89f5a519-a078cbf27aee7e81.jar,24763,2026-03-06T17:08:49.512763,bf0dc4d249aea377ac63200ec534ad0db015dcaa
.fabric/processedMods/fabric-loot-api-v3-1.0.3+3f89f5a519-5a07662f8d8c6c8c.jar,fabric-loot-api-v3-1.0.3+3f89f5a519-5a07662f8d8c6c8c.jar,32873,2026-03-06T17:08:49.512763,7fab2f84d2cf5ec28d152b9d42af186a068698a8
.fabric/processedMods/fabric-message-api-v1-6.0.14+8aaf3aca19-2d421cca625ebe6a.jar,fabric-message-api-v1-6.0.14+8aaf3aca19-2d421cca625ebe6a.jar,47910,2026-03-06T17:08:49.512763,850c5e50b061d329954fc7e5dd19671792a6bc5a
.fabric/processedMods/fabric-networking-api-v1-4.3.0+c7469b2119-e6dc189b85779bb0.jar,fabric-networking-api-v1-4.3.0+c7469b2119-e6dc189b85779bb0.jar,202886,2026-03-06T17:08:49.512763,b967bd60256f0eff0c429b7c1e41e3e2c1fbe6d3
.fabric/processedMods/fabric-object-builder-api-v1-15.1+40875a9319-ec4a54934a1aeec.jar,fabric-object-builder-api-v1-15.1+40875a9319-ec4a54934a1aeec.jar,92222,2026-03-06T17:08:49.516763,7cc99045427a1978fedb065576b855321eeeb862
.fabric/processedMods/fabric-particles-v1-4.0.2+6573ed8c19-29589f51c24298cf.jar,fabric-particles-v1-4.0.2+6573ed8c19-29589f51c24298cf.jar,33226,2026-03-06T17:08:49.516763,6ef5c877bce04d13648b15394bf3272b5fbdf7fb
.fabric/processedMods/fabric-permissions-api-v0-0.3.1-1fe598067d104722.jar,fabric-permissions-api-v0-0.3.1-1fe598067d104722.jar,12935,2026-03-06T17:08:49.516763,b45171374fefa7e0bd9d8bbb583ee383c2b9fe8a
.fabric/processedMods/fabric-recipe-api-v1-5.0.15+2475392c19-4518a2c0f22b069e.jar,fabric-recipe-api-v1-5.0.15+2475392c19-4518a2c0f22b069e.jar,64561,2026-03-06T17:08:49.516763,515b3fa308e68a4d0a4487ea8ea48ab77f0f0921
.fabric/processedMods/fabric-registry-sync-v0-5.3.1+e3eddc2119-74dbe5c512a2e0de.jar,fabric-registry-sync-v0-5.3.1+e3eddc2119-74dbe5c512a2e0de.jar,134066,2026-03-06T17:08:49.516763,eea883ba8d22f12569fdcec9617620d0fd83c627
.fabric/processedMods/fabric-rendering-data-attachment+73761d2e19-8b0db90ccaf7b89f.jar,fabric-rendering-data-attachment+73761d2e19-8b0db90ccaf7b89f.jar,17819,2026-03-06T17:08:49.516763,f7b5c5f46a5be0d793524166f487d31942976fd4
.fabric/processedMods/fabric-rendering-fluids-v1-3.1.6+1daea21519-53167835bf0a6ba4.jar,fabric-rendering-fluids-v1-3.1.6+1daea21519-53167835bf0a6ba4.jar,31842,2026-03-06T17:08:49.516763,f1da42f8d478eef922d10bfbb959ae5453f7bb3b
.fabric/processedMods/fabric-resource-conditions-api-v+8dc279b119-f10cf29237fc85ac.jar,fabric-resource-conditions-api-v+8dc279b119-f10cf29237fc85ac.jar,66775,2026-03-06T17:08:49.516763,b37409a5ec35e0ce6f234311ddeccefb782426dd
.fabric/processedMods/fabric-resource-loader-v0-1.3.1+5b5275af19-7967f5daeb655de2.jar,fabric-resource-loader-v0-1.3.1+5b5275af19-7967f5daeb655de2.jar,119077,2026-03-06T17:08:49.516763,de54d3145a5e960f00cc94e1bd1e0ce244a2881a
.fabric/processedMods/fabric-screen-handler-api-v1-1.30+b559734419-32c7fa978584171.jar,fabric-screen-handler-api-v1-1.30+b559734419-32c7fa978584171.jar,29220,2026-03-06T17:08:49.520763,b6ca58734da0046a2983b9ce431b0a1a702b3069
.fabric/processedMods/fabric-simplelibs-2.0.0-3daf2da1aa2f2858.jar,fabric-simplelibs-2.0.0-3daf2da1aa2f2858.jar,8630,2026-03-06T17:08:49.520763,2498be5557e86a2973dda30f328d9390ae99f62e
.fabric/processedMods/fabric-transfer-api-v1-5.4.3+c24bd99419-41aa747f6ac125ee.jar,fabric-transfer-api-v1-5.4.3+c24bd99419-41aa747f6ac125ee.jar,202099,2026-03-06T17:08:49.520763,7ee86956e1a1eef113eb84ce2f4e8c7a23179b8d
.fabric/processedMods/fabric-transitive-access-widener+45b9699719-52147a59382943ba.jar,fabric-transitive-access-widener+45b9699719-52147a59382943ba.jar,12080,2026-03-06T17:08:49.520763,f95ee5089247f96acac7591460b0a91771f76d13
.fabric/processedMods/io_netty_netty-codec-http-4.1.82-f0cf518e3fd664f.jar,io_netty_netty-codec-http-4.1.82-f0cf518e3fd664f.jar,645833,2026-03-06T17:08:49.524763,f3d6d2968497554e2a3608b68b66b4a4ac983565
.fabric/processedMods/io_wispforest_endec-0.1.5.1-75697be5e092a8c.jar,io_wispforest_endec-0.1.5.1-75697be5e092a8c.jar,147364,2026-03-06T17:08:49.524763,273efa0c47ddbbebfb48502231d17c8101608bf7
.fabric/processedMods/io_wispforest_endec_gson-0.1.3.1-4c8fadc82a7ce88e.jar,io_wispforest_endec_gson-0.1.3.1-4c8fadc82a7ce88e.jar,21035,2026-03-06T17:08:49.528763,497b2569bcc66edb30063269101253be98726e4f
.fabric/processedMods/io_wispforest_endec_jankson-0.1.3.1-cbb9f6bc792816b1.jar,io_wispforest_endec_jankson-0.1.3.1-cbb9f6bc792816b1.jar,21493,2026-03-06T17:08:49.528763,75eda730f289472198417c323b82113ce3968aba
.fabric/processedMods/io_wispforest_endec_netty-0.1.2-a36115128c438577.jar,io_wispforest_endec_netty-0.1.2-a36115128c438577.jar,10176,2026-03-06T17:08:49.528763,9746431c44ad86de8c94aa813220c1e89706eb6b
.fabric/processedMods/journeymap-api-fabric-2.0.0-1.21.1-SNAPSHOT-75023d8ff5b4b7d6.jar,journeymap-api-fabric-2.0.0-1.21.1-SNAPSHOT-75023d8ff5b4b7d6.jar,110133,2026-03-06T17:08:49.528763,7ac7cfafa4e8fc63c8c3aba53e5d494ec1dc5690
.fabric/processedMods/kuma_api-21.0.7-85162cd9f19b3d27.jar,kuma_api-21.0.7-85162cd9f19b3d27.jar,37409,2026-03-06T17:08:49.528763,6154e9326d24a7428b6b002648ceacfb2c9eb120
.fabric/processedMods/lavender-md-0.1.2+1.21-61607b64380746d.jar,lavender-md-0.1.2+1.21-61607b64380746d.jar,67836,2026-03-06T17:08:49.528763,ef6a1aeb81c4a533394e73014a8205f928bb02a6
.fabric/processedMods/lavender-md-owo-ui-0.1.2+1.21-3686f5a10941aebe.jar,lavender-md-owo-ui-0.1.2+1.21-3686f5a10941aebe.jar,29067,2026-03-06T17:08:49.528763,ae5619934b825fc8c576c90379948f567b5f2320
.fabric/processedMods/midnightlib-1.6.3-3d3990fd7aec4835.jar,midnightlib-1.6.3-3d3990fd7aec4835.jar,57987,2026-03-06T17:08:49.528763,b35cf6125d6708ccdc3a6fa2eaeb5b514cff4f85
.fabric/processedMods/mixinextras-0.5.0-1f6627383f457848.jar,mixinextras-0.5.0-1f6627383f457848.jar,723339,2026-03-06T17:08:49.532763,91a83dfb7abd320f6236bd1fcf5c0ff143d59a13
.fabric/processedMods/mixinsquared-0.3.3-1faaa32d484d298b.jar,mixinsquared-0.3.3-1faaa32d484d298b.jar,104742,2026-03-06T17:08:49.536763,ee882c76030d99de0e5c5227738e51702bc6bbc8
.fabric/processedMods/mixson-1.4.0-b7bcd5ddb315a028.jar,mixson-1.4.0-b7bcd5ddb315a028.jar,78978,2026-03-06T17:08:49.536763,4775ba23bb26ed150449ff9fccd0fd3cbcb5ca5d
.fabric/processedMods/mm-2.3-dea3eead7ecec716.jar,mm-2.3-dea3eead7ecec716.jar,71342,2026-03-06T17:08:49.536763,189d07c4ccfb5397405f314823f00b81ae159267
.fabric/processedMods/more_codecs-0.3.3+1.20.2-408d45e66c74cc75.jar,more_codecs-0.3.3+1.20.2-408d45e66c74cc75.jar,17507,2026-03-06T17:08:49.536763,51f074c605fb936f52cdb187b94d472d158164cc
.fabric/processedMods/net_jodah_typetools-0.6.3-642073fc7c1a731e.jar,net_jodah_typetools-0.6.3-642073fc7c1a731e.jar,18518,2026-03-06T17:08:49.536763,5f4c2e68478e1bfc253eae6d4705afb1326a106a
.fabric/processedMods/net_kyori_adventure-api-4.17.0-5f0a88d87e33e82c.jar,net_kyori_adventure-api-4.17.0-5f0a88d87e33e82c.jar,401777,2026-03-06T17:08:49.536763,130a6f9b5ea5586f47e6148a87db4a334eeae611
.fabric/processedMods/net_kyori_adventure-key-4.17.0-4191d40790494a59.jar,net_kyori_adventure-key-4.17.0-4191d40790494a59.jar,11655,2026-03-06T17:08:49.540763,11534c1f2da70fc452b336adcdf7581133b082b4
.fabric/processedMods/net_kyori_adventure-platform-api-4.3.3-cb5de32bc691a539.jar,net_kyori_adventure-platform-api-4.3.3-cb5de32bc691a539.jar,2902,2026-03-06T17:08:49.540763,5fd6266c0ada63639651c62d309a0780d27bb7f8
.fabric/processedMods/net_kyori_adventure-text-logger-lf4j-4.17.0-3a436af888d0f2d2.jar,net_kyori_adventure-text-logger-lf4j-4.17.0-3a436af888d0f2d2.jar,20512,2026-03-06T17:08:49.540763,dc67b5f82f769d4d6ec0092bf32bff2ee8b9f4c5
.fabric/processedMods/net_kyori_adventure-text-minimessage-4.17.0-151b41f9cd7d43a9.jar,net_kyori_adventure-text-minimessage-4.17.0-151b41f9cd7d43a9.jar,163009,2026-03-06T17:08:49.540763,1cc00ac233a17419efd43bcbd2c876bffde502d8
.fabric/processedMods/net_kyori_adventure-text-serialiansi-4.17.0-996f6a1c9e006a99.jar,net_kyori_adventure-text-serialiansi-4.17.0-996f6a1c9e006a99.jar,11614,2026-03-06T17:08:49.540763,a9a5d1e2be60d28451f0cecc878af4b734d69ae3
.fabric/processedMods/net_kyori_adventure-text-serialigson-4.17.0-4ba253172218bafd.jar,net_kyori_adventure-text-serialigson-4.17.0-4ba253172218bafd.jar,55801,2026-03-06T17:08:49.540763,48a16b7684f7adbe95963e8496e4d66052e5de6e
.fabric/processedMods/net_kyori_adventure-text-serialijson-4.17.0-db816dbec7c589e1.jar,net_kyori_adventure-text-serialijson-4.17.0-db816dbec7c589e1.jar,14484,2026-03-06T17:08:49.540763,5d450c00de151d34f17a3149e9cf24085a81275e
.fabric/processedMods/net_kyori_adventure-text-serialilain-4.17.0-c02ec5c9f1973278.jar,net_kyori_adventure-text-serialilain-4.17.0-c02ec5c9f1973278.jar,13493,2026-03-06T17:08:49.540763,b8f332c3d7870f778dfdea34934a0ea4fb6f820b
.fabric/processedMods/net_kyori_ansi-1.1.0-b21c9b8953a93459.jar,net_kyori_ansi-1.1.0-b21c9b8953a93459.jar,24316,2026-03-06T17:08:49.540763,f08c29caa075a184f3e6b0bacd0544adc7f7bb48
.fabric/processedMods/net_kyori_examination-api-1.3.0-c0387b10c23298ea.jar,net_kyori_examination-api-1.3.0-c0387b10c23298ea.jar,24166,2026-03-06T17:08:49.540763,7c64e108f12ca98a1a5bc0b714adb1e1115a78b9
.fabric/processedMods/net_kyori_examination-string-1.3.0-1c9f30ec9b2d1134.jar,net_kyori_examination-string-1.3.0-1c9f30ec9b2d1134.jar,13601,2026-03-06T17:08:49.540763,5e59d9175a4d5a7f8c117aea6a2f6d2546db6ef1
.fabric/processedMods/net_kyori_option-1.0.0-d18bbf63ff931f00.jar,net_kyori_option-1.0.0-d18bbf63ff931f00.jar,14002,2026-03-06T17:08:49.540763,606aa95202398e492694a186fa95edf1c2531c5c
.fabric/processedMods/net_peanuuutz_tomlkt_tomlkt-jvm-0.3.7-e0012c4c6b89a256.jar,net_peanuuutz_tomlkt_tomlkt-jvm-0.3.7-e0012c4c6b89a256.jar,259274,2026-03-06T17:08:49.544763,5038dfe1a70f82276512c4ec8fcbf4cbf56a9d1f
.fabric/processedMods/org_commonmark_commonmark-0.21.0-2cdad01d6831c39c.jar,org_commonmark_commonmark-0.21.0-2cdad01d6831c39c.jar,173561,2026-03-06T17:08:49.544763,71e1f7d16c8a7389ce3e2c57f4c44b5e4a72c044
.fabric/processedMods/org_javassist_javassist-3.29.2-GA-45181c45d12aa638.jar,org_javassist_javassist-3.29.2-GA-45181c45d12aa638.jar,794374,2026-03-06T17:08:49.548763,1570b0e9c0c2d05dc3debadfc760eeb27b07dd68
.fabric/processedMods/org_jetbrains_kotlin_kotlin-reflect-2.2.10-9401c09acab43caa.jar,org_jetbrains_kotlin_kotlin-reflect-2.2.10-9401c09acab43caa.jar,3334554,2026-03-06T17:08:49.580763,e13671d735abca84c57e2830e3cebe89a4ae217f
.fabric/processedMods/org_jetbrains_kotlin_kotlin-stdlib-2.2.10-2020a97885177cae.jar,org_jetbrains_kotlin_kotlin-stdlib-2.2.10-2020a97885177cae.jar,1767147,2026-03-06T17:08:49.596763,0b6f487c1060f1e2e69bd77a7c53ffbdcc094b5d
.fabric/processedMods/org_jetbrains_kotlin_kotlin-stdljdk7-2.2.10-70410eddd55fc48d.jar,org_jetbrains_kotlin_kotlin-stdljdk7-2.2.10-70410eddd55fc48d.jar,1275,2026-03-06T17:08:49.596763,b1df4153a64d00cf8f958c83685020a496ac7105
.fabric/processedMods/org_jetbrains_kotlin_kotlin-stdljdk8-2.2.10-f947bd38d09e14b1.jar,org_jetbrains_kotlin_kotlin-stdljdk8-2.2.10-f947bd38d09e14b1.jar,1281,2026-03-06T17:08:49.596763,32396e86c2c13f2508f2898aafb793a7eadfb329
.fabric/processedMods/org_jetbrains_kotlinx_atomicfu-jvm-0.29.0-f3bd32b57d6b29e3.jar,org_jetbrains_kotlinx_atomicfu-jvm-0.29.0-f3bd32b57d6b29e3.jar,49633,2026-03-06T17:08:49.600763,843834c96335d2b8f1744d90efd502c8f2f14533
.fabric/processedMods/org_jetbrains_kotlinx_kotlinx-co-jvm-1.10.2-dc3d13b93361afd1.jar,org_jetbrains_kotlinx_kotlinx-co-jvm-1.10.2-dc3d13b93361afd1.jar,1493394,2026-03-06T17:08:49.608763,b5ee1df8e6c85c749b9017889b5a302eaf57bde7
.fabric/processedMods/org_jetbrains_kotlinx_kotlinx-cojdk8-1.10.2-8ee2d40032486432.jar,org_jetbrains_kotlinx_kotlinx-cojdk8-1.10.2-8ee2d40032486432.jar,1303,2026-03-06T17:08:49.608763,293d9bc09b26cd8674670b2a684c7cc51d76ca52
.fabric/processedMods/org_jetbrains_kotlinx_kotlinx-dae-jvm-0.7.1-5cc8fbc762d530db.jar,org_jetbrains_kotlinx_kotlinx-dae-jvm-0.7.1-5cc8fbc762d530db.jar,701705,2026-03-06T17:08:49.612763,4116fd92c53437b14ccb1573e6f70e2af7d1d020
.fabric/processedMods/org_jetbrains_kotlinx_kotlinx-ioe-jvm-0.8.0-1647ad0953ce087f.jar,org_jetbrains_kotlinx_kotlinx-ioe-jvm-0.8.0-1647ad0953ce087f.jar,154395,2026-03-06T17:08:49.612763,dc8768b477fa28027181e0039170612a31f30770
.fabric/processedMods/org_jetbrains_kotlinx_kotlinx-iog-jvm-0.8.0-d5dbd951f2c46e72.jar,org_jetbrains_kotlinx_kotlinx-iog-jvm-0.8.0-d5dbd951f2c46e72.jar,23124,2026-03-06T17:08:49.612763,df049415e3b60b7ce0e7b1953963d53dcb44c686
.fabric/processedMods/org_jetbrains_kotlinx_kotlinx-sen-jvm-1.9.0-41cf7a50c907f3b0.jar,org_jetbrains_kotlinx_kotlinx-sen-jvm-1.9.0-41cf7a50c907f3b0.jar,281004,2026-03-06T17:08:49.616763,b1ad1b9a2652e8840c8cb943bcbc50c5f250d45a
.fabric/processedMods/org_jetbrains_kotlinx_kotlinx-ser-jvm-1.9.0-460f7a7442afa196.jar,org_jetbrains_kotlinx_kotlinx-ser-jvm-1.9.0-460f7a7442afa196.jar,66952,2026-03-06T17:08:49.616763,7d24ec8627401ea3419c8f0411bf09a8cbbd4119
.fabric/processedMods/org_jetbrains_kotlinx_kotlinx-sere-jvm-1.9.0-e9eabd782420fd6.jar,org_jetbrains_kotlinx_kotlinx-sere-jvm-1.9.0-e9eabd782420fd6.jar,403367,2026-03-06T17:08:49.616763,e8dfa6551a294d553fcac362f930f90591148686
.fabric/processedMods/org_quiltmc_parsers_gson-0.2.1-dca73e94c7c97f1f.jar,org_quiltmc_parsers_gson-0.2.1-dca73e94c7c97f1f.jar,4805,2026-03-06T17:08:49.616763,02b8ce66d1b4f6456298d2edf311f9c873bd07ef
.fabric/processedMods/org_quiltmc_parsers_json-0.2.1-f4450bb516755a53.jar,org_quiltmc_parsers_json-0.2.1-f4450bb516755a53.jar,23486,2026-03-06T17:08:49.620763,541d707b4a69033b73797cc100d0c7eede91d055
.fabric/processedMods/org_reflections_reflections-0.10.2-1242e69f5be78cc9.jar,org_reflections_reflections-0.10.2-1242e69f5be78cc9.jar,131865,2026-03-06T17:08:49.620763,d12e731d0542220b1fcf2c1ff0b6825c40b573b2
.fabric/processedMods/org_xerial_sqlite-jdbc-3.45.1.0-8fc8a6658c0503eb.jar,org_xerial_sqlite-jdbc-3.45.1.0-8fc8a6658c0503eb.jar,13501951,2026-03-06T17:08:49.756762,0a84d484c366f0c76b9bdd8fbb015be18f86e46c
.fabric/processedMods/org_yaml_snakeyaml-2.2-3e7e022439444157.jar,org_yaml_snakeyaml-2.2-3e7e022439444157.jar,334584,2026-03-06T17:08:49.764762,aff4d5a1aa622442b968b9a71fd86d4c3b5015e7
.fabric/processedMods/packet_tweaker-0.5.5+1.21-adc27117a3ef957a.jar,packet_tweaker-0.5.5+1.21-adc27117a3ef957a.jar,21532,2026-03-06T17:08:49.768762,13b32435c37f830ec944484a78a5ee150c7ad9e7
.fabric/processedMods/player_roles_api-1.6.13-fc46117cd2ac75c3.jar,player_roles_api-1.6.13-fc46117cd2ac75c3.jar,17644,2026-03-06T17:08:49.768762,4b667565cebfa0d6e252944593d0f0b1a171b910
.fabric/processedMods/playeranimator-2.0.1+1.21.1-92850e3c52e2ed6d.jar,playeranimator-2.0.1+1.21.1-92850e3c52e2ed6d.jar,204558,2026-03-06T17:08:49.768762,7515b1ea286fd9f590c6ee6e03cf861b7d21379d
.fabric/processedMods/polymer-autohost-0.9.18+1.21.1-70c45f6c983039a7.jar,polymer-autohost-0.9.18+1.21.1-70c45f6c983039a7.jar,620869,2026-03-06T17:08:49.768762,1e305f2e1981536791a0ef074fb7475647725cdf
.fabric/processedMods/polymer-blocks-0.9.18+1.21.1-258011a6677e643c.jar,polymer-blocks-0.9.18+1.21.1-258011a6677e643c.jar,33232,2026-03-06T17:08:49.768762,61c2f6195506dfaffff93e42895037b8193d2fe1
.fabric/processedMods/polymer-common-0.9.18+1.21.1-abca588ea9fb2511.jar,polymer-common-0.9.18+1.21.1-abca588ea9fb2511.jar,90256,2026-03-06T17:08:49.772762,fa074b38ac353ae08404bd444a07db84868a79dd
.fabric/processedMods/polymer-core-0.9.18+1.21.1-659002abf83d0556.jar,polymer-core-0.9.18+1.21.1-659002abf83d0556.jar,675652,2026-03-06T17:08:49.772762,bff0392e07ff430a2d23388f25921a8a706d87fc
.fabric/processedMods/polymer-networking-0.9.18+1.21.1-32bd4df2e2e24b86.jar,polymer-networking-0.9.18+1.21.1-32bd4df2e2e24b86.jar,173967,2026-03-06T17:08:49.776762,c8165417ce3ffa7e24164c9c56276dd6319021cd
.fabric/processedMods/polymer-registry-sync-manipulato9.18+1.21.1-f9c276b2e2fbe698.jar,polymer-registry-sync-manipulato9.18+1.21.1-f9c276b2e2fbe698.jar,17658,2026-03-06T17:08:49.776762,8f18ae4127b409103832b9704663d84abb5ebc16
.fabric/processedMods/polymer-resource-pack-0.9.18+1.21.1-b0f4de8b1b867811.jar,polymer-resource-pack-0.9.18+1.21.1-b0f4de8b1b867811.jar,178920,2026-03-06T17:08:49.776762,04422d18e0c2bdf1c92177d9e357f5ad59c412a5
.fabric/processedMods/polymer-virtual-entity-0.9.18+1.21.1-8b40d6f12f352e0c.jar,polymer-virtual-entity-0.9.18+1.21.1-8b40d6f12f352e0c.jar,202830,2026-03-06T17:08:49.776762,b58b9c55b7df2a91dbd5c38f208f8e20ad5bce10
.fabric/processedMods/porting_lib_conditions-3.1.0-beta.47+1.21.1-ec457ac6ab016837.jar,porting_lib_conditions-3.1.0-beta.47+1.21.1-ec457ac6ab016837.jar,62922,2026-03-06T17:08:49.776762,1b2c53720580ff0d9733b4ae44e3b59ca5b77731
.fabric/processedMods/porting_lib_core-3.1.0-beta.47+1.21.1-ae2a1659c3c6c56a.jar,porting_lib_core-3.1.0-beta.47+1.21.1-ae2a1659c3c6c56a.jar,77585,2026-03-06T17:08:49.776762,144a5728c14c6233be19340d9316268eb0bc4a93
.fabric/processedMods/porting_lib_fluids-3.1.0-beta.47+1.21.1-b4583841373629e2.jar,porting_lib_fluids-3.1.0-beta.47+1.21.1-b4583841373629e2.jar,99090,2026-03-06T17:08:49.776762,998876fc3ad1afec7cb611b828ee610da67a27a5
.fabric/processedMods/porting_lib_item_abilities-3.1.0a.47+1.21.1-d3cca3b6c2201f47.jar,porting_lib_item_abilities-3.1.0a.47+1.21.1-d3cca3b6c2201f47.jar,119307,2026-03-06T17:08:49.780762,7c67be385335c00f766661d625460419be1b1b1b
.fabric/processedMods/porting_lib_lazy_registration-3.a.47+1.21.1-d793df1d23edeae5.jar,porting_lib_lazy_registration-3.a.47+1.21.1-d793df1d23edeae5.jar,66201,2026-03-06T17:08:49.780762,1f821b93174a5e3291a9312d6781d0995aed8e13
.fabric/processedMods/porting_lib_level_events-3.1.0-ba.47+1.21.1-2b913734769201e8.jar,porting_lib_level_events-3.1.0-ba.47+1.21.1-2b913734769201e8.jar,102816,2026-03-06T17:08:49.780762,6cb8798ff1651e26b590261db66bb797868f7f7e
.fabric/processedMods/porting_lib_loot-3.1.0-beta.47+1.21.1-5e78e7f32045b2ac.jar,porting_lib_loot-3.1.0-beta.47+1.21.1-5e78e7f32045b2ac.jar,76681,2026-03-06T17:08:49.780762,1b5eac7db9ed2e8f4e04c885839da386513a176b
.fabric/processedMods/porting_lib_model_loader-3.1.0-ba.47+1.21.1-ef7df6e70ce96502.jar,porting_lib_model_loader-3.1.0-ba.47+1.21.1-ef7df6e70ce96502.jar,121603,2026-03-06T17:08:49.780762,a3b7b4a20a31fbda108fa8a1379308ba53feed00
.fabric/processedMods/porting_lib_render_types-3.1.0-ba.47+1.21.1-42f61e681397a56c.jar,porting_lib_render_types-3.1.0-ba.47+1.21.1-42f61e681397a56c.jar,60259,2026-03-06T17:08:49.780762,0f2cc137dfc52aecfff723c95267756aa4453436
.fabric/processedMods/porting_lib_transfer-3.1.0-beta.47+1.21.1-43d537768eba92a2.jar,porting_lib_transfer-3.1.0-beta.47+1.21.1-43d537768eba92a2.jar,126275,2026-03-06T17:08:49.780762,3f1ead48336a56f3a16edab259186b4c58c21d84
.fabric/processedMods/sgui-1.6.1+1.21.1-5b06347b1e7d973.jar,sgui-1.6.1+1.21.1-5b06347b1e7d973.jar,106588,2026-03-06T17:08:49.784762,7aecf94946437aa8dc28c8c5c8cba604dcd07313
.fabric/processedMods/spectrelib-0.17.2+1.21-fc5696963b8d0d7e.jar,spectrelib-0.17.2+1.21-fc5696963b8d0d7e.jar,512779,2026-03-06T17:08:49.784762,9fb49491d82c2b221f6d93c4c63ba190794b07d4
.fabric/processedMods/team_reborn_energy-4.1.0-38150fdec8f22c3c.jar,team_reborn_energy-4.1.0-38150fdec8f22c3c.jar,24945,2026-03-06T17:08:49.784762,896812ba2c094aaeda6cab67fb203fba6a0686ab
.fabric/remappedJars/minecraft-1.21.1-0.18.1/server-intermediary.jar,server-intermediary.jar,18056337,2026-03-06T17:08:49.964762,b3f590d5a3c14bc8974ab4b625aee178e40ffe62
fabric-server-launch.jar,fabric-server-launch.jar,633,2026-03-06T17:08:50.864759,cf36fc21973a06219cefd5328c5ba073b1633f6e
libraries/com/github/oshi/oshi-core/6.4.10/oshi-core-6.4.10.jar,oshi-core-6.4.10.jar,979212,2026-03-06T17:08:50.872759,b1d8ab82d11d92fd639b56d639f8f46f739dd5fa
libraries/com/google/guava/failureaccess/1.0.1/failureaccess-1.0.1.jar,failureaccess-1.0.1.jar,4617,2026-03-06T17:08:50.876759,1dcf1de382a0bf95a3d8b0849546c88bac1292c9
libraries/com/google/guava/guava/32.1.2-jre/guava-32.1.2-jre.jar,guava-32.1.2-jre.jar,3041591,2026-03-06T17:08:50.900759,5e64ec7e056456bef3a4bc4c6fdaef71e8ab6318
libraries/com/mojang/authlib/6.0.54/authlib-6.0.54.jar,authlib-6.0.54.jar,115242,2026-03-06T17:08:50.908759,de8bc95660e1b2fe8793fd427a7a10dcec5b3ea7
libraries/com/mojang/brigadier/1.3.10/brigadier-1.3.10.jar,brigadier-1.3.10.jar,80082,2026-03-06T17:08:50.908759,d15b53a14cf20fdcaa98f731af5dda654452c010
libraries/com/mojang/datafixerupper/8.0.16/datafixerupper-8.0.16.jar,datafixerupper-8.0.16.jar,724313,2026-03-06T17:08:50.912759,67d4de6d7f95d89bcf5862995fb854ebaec02a34
libraries/com/mojang/logging/1.2.7/logging-1.2.7.jar,logging-1.2.7.jar,15343,2026-03-06T17:08:50.916759,24cb95ffb0e3433fd6e844c04e68009e504ca1c0
libraries/commons-io/commons-io/2.15.1/commons-io-2.15.1.jar,commons-io-2.15.1.jar,501218,2026-03-06T17:08:50.920759,f11560da189ab563a5c8e351941415430e9304ea
libraries/io/netty/netty-buffer/4.1.97.Final/netty-buffer-4.1.97.Final.jar,netty-buffer-4.1.97.Final.jar,306590,2026-03-06T17:08:50.920759,f8f3d8644afa5e6e1a40a3a6aeb9d9aa970ecb4f
libraries/io/netty/netty-codec/4.1.97.Final/netty-codec-4.1.97.Final.jar,netty-codec-4.1.97.Final.jar,345274,2026-03-06T17:08:50.924759,384ba4d75670befbedb45c4d3b497a93639c206d
libraries/io/netty/netty-common/4.1.97.Final/netty-common-4.1.97.Final.jar,netty-common-4.1.97.Final.jar,659930,2026-03-06T17:08:50.928759,7cceacaf11df8dc63f23d0fb58e9d4640fc88404
libraries/io/netty/netty-handler/4.1.97.Final/netty-handler-4.1.97.Final.jar,netty-handler-4.1.97.Final.jar,560040,2026-03-06T17:08:50.936759,abb86c6906bf512bf2b797a41cd7d2e8d3cd7c36
libraries/io/netty/netty-resolver/4.1.97.Final/netty-resolver-4.1.97.Final.jar,netty-resolver-4.1.97.Final.jar,37792,2026-03-06T17:08:50.936759,cec8348108dc76c47cf87c669d514be52c922144
libraries/io/netty/netty-transport-classes-epoll/4.1.97.Final/netty-transport-classes-epoll-4.1.97.Final.jar,netty-transport-classes-epoll-4.1.97.Final.jar,147139,2026-03-06T17:08:50.936759,795da37ded759e862457a82d9d92c4d39ce8ecee
libraries/io/netty/netty-transport-native-epoll/4.1.97.Final/netty-transport-native-epoll-4.1.97.Final-linux-aarch_64.jar,netty-transport-native-epoll-4.1.97.Final-linux-aarch_64.jar,40427,2026-03-06T17:08:50.936759,5514744c588190ffda076b35a9b8c9f24946a960
libraries/io/netty/netty-transport-native-epoll/4.1.97.Final/netty-transport-native-epoll-4.1.97.Final-linux-x86_64.jar,netty-transport-native-epoll-4.1.97.Final-linux-x86_64.jar,38954,2026-03-06T17:08:50.940759,54188f271e388e7f313aea995e82f58ce2cdb809
libraries/io/netty/netty-transport-native-unix-common/4.1.97.Final/netty-transport-native-unix-common-4.1.97.Final.jar,netty-transport-native-unix-common-4.1.97.Final.jar,43897,2026-03-06T17:08:50.940759,d469d84265ab70095b01b40886cabdd433b6e664
libraries/io/netty/netty-transport/4.1.97.Final/netty-transport-4.1.97.Final.jar,netty-transport-4.1.97.Final.jar,489624,2026-03-06T17:08:50.940759,f37380d23c9bb079bc702910833b2fd532c9abd0
libraries/it/unimi/dsi/fastutil/8.5.12/fastutil-8.5.12.jar,fastutil-8.5.12.jar,23326598,2026-03-06T17:08:51.244758,c24946d46824bd528054bface3231d2ecb7e95e8
libraries/net/fabricmc/fabric-loader/0.18.1/fabric-loader-0.18.1.jar,fabric-loader-0.18.1.jar,1944103,2026-03-06T17:08:51.280758,2f1cf1fa62e868562f522698cce909fa1c474d36
libraries/net/fabricmc/intermediary/1.21.1/intermediary-1.21.1.jar,intermediary-1.21.1.jar,657725,2026-03-06T17:08:51.280758,4b96f58657aa282efa6bb8ae9369c2d42cf96e8c
libraries/net/fabricmc/sponge-mixin/0.16.5+mixin.0.8.7/sponge-mixin-0.16.5+mixin.0.8.7.jar,sponge-mixin-0.16.5+mixin.0.8.7.jar,1504519,2026-03-06T17:08:51.292758,80fc3a9f592673cea87f4cd702f87991c6c9fe4d
libraries/net/java/dev/jna/jna-platform/5.14.0/jna-platform-5.14.0.jar,jna-platform-5.14.0.jar,1369287,2026-03-06T17:08:51.300757,28934d48aed814f11e4c584da55c49fa7032b31b
libraries/net/java/dev/jna/jna/5.14.0/jna-5.14.0.jar,jna-5.14.0.jar,1878533,2026-03-06T17:08:51.308758,67bf3eaea4f0718cb376a181a629e5f88fa1c9dd
libraries/net/sf/jopt-simple/jopt-simple/5.0.4/jopt-simple-5.0.4.jar,jopt-simple-5.0.4.jar,78146,2026-03-06T17:08:51.308758,4fdac2fbe92dfad86aa6e9301736f6b4342a3f5c
libraries/org/apache/commons/commons-lang3/3.14.0/commons-lang3-3.14.0.jar,commons-lang3-3.14.0.jar,657952,2026-03-06T17:08:51.312757,1ed471194b02f2c6cb734a0cd6f6f107c673afae
libraries/org/apache/logging/log4j/log4j-api/2.22.1/log4j-api-2.22.1.jar,log4j-api-2.22.1.jar,335001,2026-03-06T17:08:51.316757,bea6fede6328fabafd7e68363161a7ea6605abd1
libraries/org/apache/logging/log4j/log4j-core/2.22.1/log4j-core-2.22.1.jar,log4j-core-2.22.1.jar,1900022,2026-03-06T17:08:51.328757,7183a25510a02ad00cc6a95d3b3d2a7d3c5a8dc4
libraries/org/apache/logging/log4j/log4j-slf4j2-impl/2.22.1/log4j-slf4j2-impl-2.22.1.jar,log4j-slf4j2-impl-2.22.1.jar,27364,2026-03-06T17:08:51.328757,d7e6693c2606cb7e7335047d7bb96dec52db5665
libraries/org/joml/joml/1.10.5/joml-1.10.5.jar,joml-1.10.5.jar,712082,2026-03-06T17:08:51.332757,22566d58af70ad3d72308bab63b8339906deb649
libraries/org/lz4/lz4-java/1.8.0/lz4-java-1.8.0.jar,lz4-java-1.8.0.jar,682804,2026-03-06T17:08:51.336757,4b986a99445e49ea5fbf5d149c4b63f6ed6c6780
libraries/org/ow2/asm/asm-analysis/9.9/asm-analysis-9.9.jar,asm-analysis-9.9.jar,35149,2026-03-06T17:08:51.336757,0bf4fa6e66638851c1cd22c2caea0c3ee5d5f437
libraries/org/ow2/asm/asm-commons/9.9/asm-commons-9.9.jar,asm-commons-9.9.jar,74348,2026-03-06T17:08:51.336757,db9165a3bf908ded6b08612d583a15d1d0c7bda0
libraries/org/ow2/asm/asm-tree/9.9/asm-tree-9.9.jar,asm-tree-9.9.jar,51947,2026-03-06T17:08:51.336757,f8de6eead6d24dd0f45bd065bbe112b2cda6ea21
libraries/org/ow2/asm/asm-util/9.9/asm-util-9.9.jar,asm-util-9.9.jar,94565,2026-03-06T17:08:51.336757,42fdfc0508b43807c8078d6e82ecff2ce2112ae8
libraries/org/ow2/asm/asm/9.9/asm-9.9.jar,asm-9.9.jar,126122,2026-03-06T17:08:51.340757,c29635c8a7afa03d74b33c1884df8abb2b3f3dcc
libraries/org/slf4j/slf4j-api/2.0.9/slf4j-api-2.0.9.jar,slf4j-api-2.0.9.jar,64579,2026-03-06T17:08:51.340757,7cf2726fdcfbc8610f9a71fb3ed639871f315340
mods/CobblemonTrialsEdition-fabric-1.1.0.jar,CobblemonTrialsEdition-fabric-1.1.0.jar,215919,2026-03-06T17:08:51.340757,a8db2ce9656a779a8a0967d31721bb3cd7c043a9
mods/ForgeConfigAPIPort-v21.1.4-1.21.1-Fabric.jar,ForgeConfigAPIPort-v21.1.4-1.21.1-Fabric.jar,632675,2026-03-06T17:08:51.344757,23cbb7662b926c465478a4aafb3327d7dc0b0d0c
mods/Rad Gyms [Cobblemon]-0.3.1-stable.jar,Rad Gyms [Cobblemon]-0.3.1-stable.jar,862308,2026-03-06T17:08:51.348757,2432aeb00f5a317659213afd8a97a54f748e1154
mods/academy-mc1.21.1-v2.2.0+build.532-fabric.jar,academy-mc1.21.1-v2.2.0+build.532-fabric.jar,5654847,2026-03-06T17:08:51.388757,f9cfb197caf2f6ac84e76d597ec9bf74c68fc942
mods/cloth-config-15.0.140-fabric.jar,cloth-config-15.0.140-fabric.jar,1157166,2026-03-06T17:08:51.396757,5d82342a2df53fd6df712bfdd583a811572918a4
mods/cobblemon-economy-0.0.13.jar,cobblemon-economy-0.0.13.jar,14956281,2026-03-06T17:08:51.476757,d4ec4871d7a00df197e1f47701a4c32338e53abb
mods/cobblemon_knowlogy-fabric-1.5.0-1.21.1.jar,cobblemon_knowlogy-fabric-1.5.0-1.21.1.jar,6037214,2026-03-06T17:08:51.504757,78db99506a73b48410a4189d3ff70e253b23e26a
mods/cobblemon_spawn_alerts-fabric-1.11.2.jar,cobblemon_spawn_alerts-fabric-1.11.2.jar,1347474,2026-03-06T17:08:51.524757,9ddc3e447d90289f32a48bc8bdde0240cc8d3adb
mods/fzzy_config-0.7.2+1.21.jar,fzzy_config-0.7.2+1.21.jar,2260199,2026-03-06T17:08:51.540757,f71518991ff8e55b93a4ab2570207050c2f1e237
mods/lootr-fabric-1.21-1.10.35.91.jar,lootr-fabric-1.21-1.10.35.91.jar,608878,2026-03-06T17:08:51.548757,deed5cd22dd52dfdffbaa46d6fe600bdb7b84b73
mods/rctapi-fabric-1.21.1-0.14.3-beta.jar,rctapi-fabric-1.21.1-0.14.3-beta.jar,206897,2026-03-06T17:08:51.552757,21c9421bd2167f452a4d3fa6e4595dd2251486da
mods/safari-dimension-0.0.11.jar,safari-dimension-0.0.11.jar,261205,2026-03-06T17:08:51.552757,3a863cdaa24f2a1649e8a918114e814dfc84c770
mods/sophisticatedbackpacks-1.21.1-3.23.4.3.106.jar,sophisticatedbackpacks-1.21.1-3.23.4.3.106.jar,988478,2026-03-06T17:08:51.556756,fc6d87d9b902225790bdfbc45ba412e8572e593f
mods/supermartijn642configlib-1.1.8-fabric-mc1.21.jar,supermartijn642configlib-1.1.8-fabric-mc1.21.jar,206993,2026-03-06T17:08:51.560757,8427e42f1db8ea7b4b6c21cc94bfcfa398f0ff63
mods/yet_another_config_lib_v3-3.7.1+1.21.1-fabric.jar,yet_another_config_lib_v3-3.7.1+1.21.1-fabric.jar,1123593,2026-03-06T17:08:51.564757,13f8da46450274ab84db003ef4c37754ceeb690d
server.jar,server.jar,51627615,2026-03-06T17:08:52.188754,59353fb40c36d304f2035d51e7d6e6baa98dc05c
versions/1.21.1/server-1.21.1.jar,server-1.21.1.jar,17635929,2026-03-06T17:08:53.228751,a8ae1f986e20cc91442b6b2b64d62bcd065618d7
